File Name,Date Modified,Size,Path
BallonData_v3.html,2015-04-22 05:28:32 +0000,2 KB,/Users/SweetyMEOW/Sites/myd3_geo/beauty/BallonData_v3.html
BallonData_v2.html,2015-04-20 20:49:57 +0000,1 KB,/Users/SweetyMEOW/Sites/myd3_geo/beauty/BallonData_v2.html
AngularD3_ReusableBar.html,2015-04-20 20:35:05 +0000,3 KB,/Users/SweetyMEOW/Sites/myd3_geo/AngularD3_Exp/AngularD3_ReusableBar.html
BallonData_v2web.html,2015-04-20 14:35:11 +0000,3 KB,/Users/SweetyMEOW/Sites/myd3_geo/beauty/BallonData_v2web.html
OUR_ForceImages.html,2015-04-19 22:57:19 +0000,7 KB,/Users/SweetyMEOW/Sites/myd3_geo/sample/OUR_ForceImages.html
OUT_Ma_DragMap.html,2015-04-19 22:53:35 +0000,8 KB,/Users/SweetyMEOW/Sites/myd3_geo/sample/OUT_Ma_DragMap.html
OUR_RotateWorldMap.html,2015-04-19 22:18:29 +0000,2 KB,/Users/SweetyMEOW/Sites/myd3_geo/sample/OUR_RotateWorldMap.html
CollisionDetection.html,2015-04-19 21:31:08 +0000,2 KB,/Users/SweetyMEOW/Sites/myd3_geo/sample/CollisionDetection.html
thesis_beauty.html,2015-04-19 19:57:00 +0000,5 KB,/Users/SweetyMEOW/Sites/myd3_geo/beauty/thesis_beauty.html
Ma_GeodesicRainbow.html,2015-04-19 17:53:12 +0000,6 KB,/Users/SweetyMEOW/Sites/myd3_geo/sample/Ma_GeodesicRainbow.html
Ma_RotatingIcosahedron.html,2015-04-19 17:35:10 +0000,5 KB,/Users/SweetyMEOW/Sites/myd3_geo/sample/Ma_RotatingIcosahedron.html
HtmlSmpMaterializeDark2.html,2015-04-19 17:34:16 +0000,5 KB,/Users/SweetyMEOW/Sites/myd3_geo/HtmlSmpMaterializeDark2.html
HtmlSmpMaterializeDark.html,2015-04-19 17:27:19 +0000,4 KB,/Users/SweetyMEOW/Sites/myd3_geo/HtmlSmpMaterializeDark.html
AcceleratCoast3.html,2015-04-19 17:19:46 +0000,5 KB,/Users/SweetyMEOW/Sites/myd3_geo/sample/AcceleratCoast3.html
ForceCurvedLinks.html,2015-04-19 17:00:23 +0000,4 KB,/Users/SweetyMEOW/Sites/myd3_geo/sample/ForceCurvedLinks.html
BallonData.html,2015-04-19 03:15:05 +0000,3 KB,/Users/SweetyMEOW/Sites/myd3_geo/beauty/BallonData.html
Dispatching_rectring.html,2015-04-18 17:45:57 +0000,12 KB,/Users/SweetyMEOW/Sites/myd3_geo/beauty/Dispatching_rectring.html
index.html,2015-04-18 17:45:57 +0000,4 KB,/Users/SweetyMEOW/Sites/myd3_geo/parse-js-blank/index.html
WealthHealthNations.html,2015-04-17 20:58:47 +0000,9 KB,/Users/SweetyMEOW/Sites/myd3_geo/sample/WealthHealthNations.html
touch.html,2015-04-17 03:22:30 +0000,1 KB,/Users/SweetyMEOW/Sites/myd3_geo/Touch/touch.html
DispatchingEvents_data.html,2015-04-17 03:22:30 +0000,9 KB,/Users/SweetyMEOW/Sites/myd3_geo/mythesis/DispatchingEvents_data.html
index.html,2015-04-17 03:22:30 +0000,5 KB,/Users/SweetyMEOW/Sites/myd3_geo/playGenderGap/index.html
PopulationPyramid.html,2015-04-17 03:22:30 +0000,5 KB,/Users/SweetyMEOW/Sites/myd3_geo/sample/PopulationPyramid.html
clock.html,2015-04-17 03:22:30 +0000,4 KB,/Users/SweetyMEOW/Sites/myd3_geo/sample/clock.html
index.html,2015-04-16 15:20:29 +0000,9 KB,/Users/SweetyMEOW/Sites/myd3_geo/index.html
index_test.html,2015-04-16 15:17:40 +0000,9 KB,/Users/SweetyMEOW/Sites/myd3_geo/index_test.html
thesis_beauty_phone.html,2015-04-16 14:12:53 +0000,11 KB,/Users/SweetyMEOW/Sites/myd3_geo/beauty/thesis_beauty_phone.html
thesis_beauty_phoneQr.html,2015-04-16 14:12:53 +0000,11 KB,/Users/SweetyMEOW/Sites/myd3_geo/beauty/thesis_beauty_phoneQr.html
thesis_beauty_wall.html,2015-04-16 14:12:53 +0000,11 KB,/Users/SweetyMEOW/Sites/myd3_geo/beauty/thesis_beauty_wall.html
touch.html,2015-04-16 14:12:53 +0000,2 KB,/Users/SweetyMEOW/Sites/myd3_geo/sample/touch.html
TakeBeautyToGo_1.html,2015-04-15 21:41:21 +0000,13 KB,/Users/SweetyMEOW/Sites/myd3_geo/beauty/TakeBeautyToGo_1.html
jsReplaceString.html,2015-04-15 21:41:21 +0000,2 KB,/Users/SweetyMEOW/Sites/myd3_geo/sample/jsReplaceString.html
Faux3DShadedGlobe_FlatColor.html,2015-04-15 14:15:50 +0000,13 KB,/Users/SweetyMEOW/Sites/myd3_geo/mythesis/Faux3DShadedGlobe_FlatColor.html
cartoDB_dynamicMap.html,2015-04-15 14:08:46 +0000,3 KB,/Users/SweetyMEOW/Sites/myd3_geo/mythesis/cartoDB_dynamicMap.html
colorworldmap_tooltips3.html,2015-04-15 05:37:40 +0000,4 KB,/Users/SweetyMEOW/Sites/myd3_geo/mythesis/colorworldmap_tooltips3.html
cartoDB_earthquackMap.html,2015-04-15 05:21:56 +0000,3 KB,/Users/SweetyMEOW/Sites/myd3_geo/sample/cartoDB_earthquackMap.html
colorworldmap_tooltips2.html,2015-04-15 05:19:18 +0000,4 KB,/Users/SweetyMEOW/Sites/myd3_geo/colorMap/colorworldmap_tooltips2.html
colorworldmap_tooltips.html,2015-04-15 05:12:59 +0000,3 KB,/Users/SweetyMEOW/Sites/myd3_geo/colorMap/colorworldmap_tooltips.html
index.html,2015-04-11 01:40:15 +0000,560 bytes,/Users/SweetyMEOW/Sites/myd3_geo/sapchallenge/index.html
sapchallenge.html,2015-04-10 13:51:44 +0000,14 KB,/Users/SweetyMEOW/Sites/myd3_geo/sapchallenge.html
selectableColorWMap_test.html,2015-04-10 05:23:51 +0000,8 KB,/Users/SweetyMEOW/Sites/myd3_geo/selectableColorWMap_test.html
axis1.html,2015-04-10 05:23:51 +0000,1 KB,/Users/SweetyMEOW/Sites/myd3_geo/sample/axis1.html
axis2.html,2015-04-10 05:23:51 +0000,5 KB,/Users/SweetyMEOW/Sites/myd3_geo/sample/axis2.html
HtmlSmpMaterialize.html,2015-04-10 05:23:50 +0000,4 KB,/Users/SweetyMEOW/Sites/myd3_geo/HtmlSmpMaterialize.html
ColorBrewerScale.html,2015-04-10 05:23:50 +0000,5 KB,/Users/SweetyMEOW/Sites/myd3_geo/sample/ColorBrewerScale.html
ZoomCirclePacking.html,2015-04-10 05:23:50 +0000,7 KB,/Users/SweetyMEOW/Sites/myd3_geo/sample/ZoomCirclePacking.html
MaterializeGridSample.html,2015-04-05 19:27:48 +0000,5 KB,/Users/SweetyMEOW/Sites/myd3_geo/MaterializeGridSample.html
HieraEdgeBund_test.html,2015-04-02 02:49:51 +0000,8 KB,/Users/SweetyMEOW/Sites/myd3_geo/mythesis/HieraEdgeBund_test.html
Cluster_Layout.html,2015-04-02 02:48:31 +0000,4 KB,/Users/SweetyMEOW/Sites/myd3_geo/sample/Cluster_Layout.html
ClusteredForceLayoutI.html,2015-04-02 01:55:44 +0000,6 KB,/Users/SweetyMEOW/Sites/myd3_geo/sample/ClusteredForceLayoutI.html
HieraEdgeBund_MaterialDark.html,2015-04-01 23:21:51 +0000,7 KB,/Users/SweetyMEOW/Sites/myd3_geo/sample/HieraEdgeBund_MaterialDark.html
HtmlSample.html,2015-04-01 22:34:09 +0000,2 KB,/Users/SweetyMEOW/Sites/myd3_geo/HtmlSample.html
HtmlSampleDark.html,2015-04-01 22:34:09 +0000,3 KB,/Users/SweetyMEOW/Sites/myd3_geo/HtmlSampleDark.html
datadisplay_color.html,2015-04-01 22:34:09 +0000,5 KB,/Users/SweetyMEOW/Sites/myd3_geo/mythesis/datadisplay_color.html
HierarchicalEdgeBundling.html,2015-04-01 22:34:09 +0000,6 KB,/Users/SweetyMEOW/Sites/myd3_geo/sample/HierarchicalEdgeBundling.html
HierarchicalEdgeBundling_Interacitve.html,2015-04-01 22:34:09 +0000,7 KB,/Users/SweetyMEOW/Sites/myd3_geo/sample/HierarchicalEdgeBundling_Interacitve.html
Faux3DShadedGlobe_Test.html,2015-03-31 18:43:46 +0000,13 KB,/Users/SweetyMEOW/Sites/myd3_geo/mythesis/Faux3DShadedGlobe_Test.html
ForcelayoutII_data.html,2015-03-31 18:43:46 +0000,4 KB,/Users/SweetyMEOW/Sites/myd3_geo/mythesis/ForcelayoutII_data.html
Forcelayout_data.html,2015-03-31 18:43:46 +0000,6 KB,/Users/SweetyMEOW/Sites/myd3_geo/mythesis/Forcelayout_data.html
GlobalRotateZoom_Sample.html,2015-03-31 18:43:46 +0000,16 KB,/Users/SweetyMEOW/Sites/myd3_geo/mythesis/GlobalRotateZoom_Sample.html
StackedRadial_3yeardata.html,2015-03-31 18:43:46 +0000,9 KB,/Users/SweetyMEOW/Sites/myd3_geo/mythesis/StackedRadial_3yeardata.html
StackedRadial_3yeardata_blue.html,2015-03-31 18:43:46 +0000,9 KB,/Users/SweetyMEOW/Sites/myd3_geo/mythesis/StackedRadial_3yeardata_blue.html
selectableColorWMap_test.html,2015-03-31 18:43:46 +0000,8 KB,/Users/SweetyMEOW/Sites/myd3_geo/mythesis/selectableColorWMap_test.html
AnimatedWorldZoom.html,2015-03-31 18:43:46 +0000,8 KB,/Users/SweetyMEOW/Sites/myd3_geo/sample/AnimatedWorldZoom.html
BilevelPartition.html,2015-03-31 18:43:46 +0000,8 KB,/Users/SweetyMEOW/Sites/myd3_geo/sample/BilevelPartition.html
CollapsibleForceLayout.html,2015-03-31 18:43:46 +0000,6 KB,/Users/SweetyMEOW/Sites/myd3_geo/sample/CollapsibleForceLayout.html
D3ShowReel10types.html,2015-03-31 18:43:46 +0000,16 KB,/Users/SweetyMEOW/Sites/myd3_geo/sample/D3ShowReel10types.html
FactorizationDiagrams.html,2015-03-31 18:43:46 +0000,4 KB,/Users/SweetyMEOW/Sites/myd3_geo/sample/FactorizationDiagrams.html
ForceDirectedGraph.html,2015-03-31 18:43:46 +0000,4 KB,/Users/SweetyMEOW/Sites/myd3_geo/sample/ForceDirectedGraph.html
GlobalRotateZoom.html,2015-03-31 18:43:46 +0000,16 KB,/Users/SweetyMEOW/Sites/myd3_geo/sample/GlobalRotateZoom.html
VoronoiArcMap.html,2015-03-31 18:43:46 +0000,6 KB,/Users/SweetyMEOW/Sites/myd3_geo/sample/VoronoiArcMap.html
geoCanvas_Sample.html,2015-03-31 18:43:46 +0000,3 KB,/Users/SweetyMEOW/Sites/myd3_geo/sample/geoCanvas_Sample.html
mergingStates.html,2015-03-31 18:43:46 +0000,3 KB,/Users/SweetyMEOW/Sites/myd3_geo/sample/mergingStates.html
Prim'sAlgorithmV_test.html,2015-03-26 05:24:31 +0000,5 KB,/Users/SweetyMEOW/Sites/myd3_geo/mythesis/Prim'sAlgorithmV_test.html
datadisplay_titleButton.html,2015-03-26 05:24:31 +0000,5 KB,/Users/SweetyMEOW/Sites/myd3_geo/mythesis/datadisplay_titleButton.html
PieMultiNest.html,2015-03-26 05:24:31 +0000,6 KB,/Users/SweetyMEOW/Sites/myd3_geo/sample/PieMultiNest.html
index.html,2015-03-26 05:24:31 +0000,2 KB,/Users/SweetyMEOW/Sites/myd3_geo/sample/solarsystemsizes/index.html
worldmap-template.html,2015-03-26 05:24:31 +0000,5 KB,/Users/SweetyMEOW/Sites/myd3_geo/sample/worldmap-template/worldmap-template.html
datadisplay_countryData.html,2015-03-23 01:56:36 +0000,11 KB,/Users/SweetyMEOW/Sites/myd3_geo/mythesis/datadisplay_countryData.html
datadisplay_countryDataAll.html,2015-03-23 01:56:36 +0000,10 KB,/Users/SweetyMEOW/Sites/myd3_geo/mythesis/datadisplay_countryDataAll.html
StackedRadialArea.html,2015-03-23 01:56:36 +0000,8 KB,/Users/SweetyMEOW/Sites/myd3_geo/sample/StackedRadialArea.html
Streamgraph_interactive.html,2015-03-19 04:50:42 +0000,11 KB,/Users/SweetyMEOW/Sites/myd3_geo/mythesis/Streamgraph_interactive.html
SunburstPartition_titleButton.html,2015-03-19 04:50:42 +0000,10 KB,/Users/SweetyMEOW/Sites/myd3_geo/mythesis/SunburstPartition_titleButton.html
AnimatedWorldZoom_test.html,2015-03-18 18:45:39 +0000,8 KB,/Users/SweetyMEOW/Sites/myd3_geo/mythesis/AnimatedWorldZoom_test.html
PHONE_ChordDiagram.html,2015-03-18 18:43:40 +0000,2 KB,/Users/SweetyMEOW/Sites/myd3_geo/mythesis/PHONE_ChordDiagram.html
interactiveOrthographic.html,2015-03-18 03:45:54 +0000,2 KB,/Users/SweetyMEOW/Sites/myd3_geo/interactiveOrthographic.html
BilevelPartition_test.html,2015-03-18 03:45:54 +0000,8 KB,/Users/SweetyMEOW/Sites/myd3_geo/mythesis/BilevelPartition_test.html
PiePaddingII_test.html,2015-03-18 03:45:54 +0000,5 KB,/Users/SweetyMEOW/Sites/myd3_geo/mythesis/PiePaddingII_test.html
Streamgraph_data.html,2015-03-18 03:45:54 +0000,7 KB,/Users/SweetyMEOW/Sites/myd3_geo/mythesis/Streamgraph_data.html
SunburstPartition_data.html,2015-03-18 03:45:54 +0000,5 KB,/Users/SweetyMEOW/Sites/myd3_geo/mythesis/SunburstPartition_data.html
SunburstPartition_test.html,2015-03-18 03:45:54 +0000,6 KB,/Users/SweetyMEOW/Sites/myd3_geo/mythesis/SunburstPartition_test.html
SunburstPartition_test_title.html,2015-03-18 03:45:54 +0000,10 KB,/Users/SweetyMEOW/Sites/myd3_geo/mythesis/SunburstPartition_test_title.html
Azimuthal.html,2015-03-18 03:45:54 +0000,5 KB,/Users/SweetyMEOW/Sites/myd3_geo/sample/Azimuthal.html
ChordDiagram.html,2015-03-18 03:45:54 +0000,7 KB,/Users/SweetyMEOW/Sites/myd3_geo/sample/ChordDiagram.html
ClusteredForceLayoutII.html,2015-03-18 03:45:54 +0000,7 KB,/Users/SweetyMEOW/Sites/myd3_geo/sample/ClusteredForceLayoutII.html
CustomCartesianProjection.html,2015-03-18 03:45:54 +0000,4 KB,/Users/SweetyMEOW/Sites/myd3_geo/sample/CustomCartesianProjection.html
DispatchingEvents.html,2015-03-18 03:45:54 +0000,8 KB,/Users/SweetyMEOW/Sites/myd3_geo/sample/DispatchingEvents.html
DynamicHexbin.html,2015-03-18 03:45:54 +0000,5 KB,/Users/SweetyMEOW/Sites/myd3_geo/sample/DynamicHexbin.html
Faux3dArcs.html,2015-03-18 03:45:54 +0000,11 KB,/Users/SweetyMEOW/Sites/myd3_geo/sample/Faux3dArcs.html
Faux3dShadedGlobe.html,2015-03-18 03:45:54 +0000,10 KB,/Users/SweetyMEOW/Sites/myd3_geo/sample/Faux3dShadedGlobe.html
ForceDirectedSymbols.html,2015-03-18 03:45:54 +0000,3 KB,/Users/SweetyMEOW/Sites/myd3_geo/sample/ForceDirectedSymbols.html
GeodesicRainbow.html,2015-03-18 03:45:54 +0000,5 KB,/Users/SweetyMEOW/Sites/myd3_geo/sample/GeodesicRainbow.html
GlobalRotateZoom_test.html,2015-03-18 03:45:54 +0000,17 KB,/Users/SweetyMEOW/Sites/myd3_geo/sample/GlobalRotateZoom_test.html
GooglePublicPPPDataSample.html,2015-03-18 03:45:54 +0000,3 KB,/Users/SweetyMEOW/Sites/myd3_geo/sample/GooglePublicPPPDataSample.html
MulRotate.html,2015-03-18 03:45:54 +0000,3 KB,/Users/SweetyMEOW/Sites/myd3_geo/sample/MulRotate.html
PieChartsLabels.html,2015-03-18 03:45:54 +0000,7 KB,/Users/SweetyMEOW/Sites/myd3_geo/sample/PieChartsLabels.html
PiePaddingII.html,2015-03-18 03:45:54 +0000,4 KB,/Users/SweetyMEOW/Sites/myd3_geo/sample/PiePaddingII.html
Prim'sAlgorithmV.html,2015-03-18 03:45:54 +0000,5 KB,/Users/SweetyMEOW/Sites/myd3_geo/sample/Prim'sAlgorithmV.html
RadarChart.html,2015-03-18 03:45:54 +0000,2 KB,/Users/SweetyMEOW/Sites/myd3_geo/sample/RadarChart.html
RadarChart_Ep.html,2015-03-18 03:45:54 +0000,5 KB,/Users/SweetyMEOW/Sites/myd3_geo/sample/RadarChart_Ep.html
RainbowWorm.html,2015-03-18 03:45:54 +0000,5 KB,/Users/SweetyMEOW/Sites/myd3_geo/sample/RainbowWorm.html
RingPartitionMap.html,2015-03-18 03:45:54 +0000,8 KB,/Users/SweetyMEOW/Sites/myd3_geo/sample/RingPartitionMap.html
RingPartitionMap_radio.html,2015-03-18 03:45:54 +0000,10 KB,/Users/SweetyMEOW/Sites/myd3_geo/sample/RingPartitionMap_radio.html
Streamgraph.html,2015-03-18 03:45:54 +0000,5 KB,/Users/SweetyMEOW/Sites/myd3_geo/sample/Streamgraph.html
SunburstMap.html,2015-03-18 03:45:54 +0000,4 KB,/Users/SweetyMEOW/Sites/myd3_geo/sample/SunburstMap.html
SunburstPartition.html,2015-03-18 03:45:54 +0000,5 KB,/Users/SweetyMEOW/Sites/myd3_geo/sample/SunburstPartition.html
SymbolWorldMap.html,2015-03-18 03:45:54 +0000,5 KB,/Users/SweetyMEOW/Sites/myd3_geo/sample/SymbolWorldMap.html
ZoomTransitions.html,2015-03-18 03:45:54 +0000,2 KB,/Users/SweetyMEOW/Sites/myd3_geo/sample/ZoomTransitions.html
d3HtmlSample.html,2015-03-18 03:45:54 +0000,1 KB,/Users/SweetyMEOW/Sites/myd3_geo/sample/d3HtmlSample.html
d3showReel.html,2015-03-18 03:45:54 +0000,24 KB,/Users/SweetyMEOW/Sites/myd3_geo/sample/d3showReel.html
mouseZclick2C.html,2015-03-18 03:45:54 +0000,3 KB,/Users/SweetyMEOW/Sites/myd3_geo/sample/mouseZclick2C.html
primAlgorithm.html,2015-03-18 03:45:54 +0000,5 KB,/Users/SweetyMEOW/Sites/myd3_geo/sample/primAlgorithm.html
selectableColorWMap.html,2015-03-18 03:45:54 +0000,8 KB,/Users/SweetyMEOW/Sites/myd3_geo/sample/selectableColorWMap.html
textWrapEp.html,2015-03-18 03:45:54 +0000,6 KB,/Users/SweetyMEOW/Sites/myd3_geo/sample/textWrapEp.html
transformTransitions.html,2015-03-18 03:45:54 +0000,1 KB,/Users/SweetyMEOW/Sites/myd3_geo/sample/transformTransitions.html
treemap.html,2015-03-18 03:45:54 +0000,5 KB,/Users/SweetyMEOW/Sites/myd3_geo/sample/treemap.html
z2BoundingBox.html,2015-03-18 03:45:54 +0000,3 KB,/Users/SweetyMEOW/Sites/myd3_geo/sample/z2BoundingBox.html
z2BoundingBox2.html,2015-03-18 03:45:54 +0000,3 KB,/Users/SweetyMEOW/Sites/myd3_geo/sample/z2BoundingBox2.html
z2Sunburst.html,2015-03-18 03:45:54 +0000,3 KB,/Users/SweetyMEOW/Sites/myd3_geo/sample/z2Sunburst.html
zCirclePacking.html,2015-03-18 03:45:54 +0000,5 KB,/Users/SweetyMEOW/Sites/myd3_geo/sample/zCirclePacking.html
zoom2BoundingBox.html,2015-03-18 03:45:54 +0000,7 KB,/Users/SweetyMEOW/Sites/myd3_geo/sample/zoom2BoundingBox.html
freehtml5maps.com.html,2015-03-18 03:45:54 +0000,114 bytes,/Users/SweetyMEOW/Sites/myd3_geo/world_jq/freehtml5maps.com.html
index.html,2015-03-18 03:45:54 +0000,2 KB,/Users/SweetyMEOW/Sites/myd3_geo/world_jq/advanced/index.html
index.html,2015-03-18 03:45:54 +0000,7 KB,/Users/SweetyMEOW/Sites/myd3_geo/world_jq/advanced/help/index.html
index.html,2015-03-18 03:45:54 +0000,6 KB,/Users/SweetyMEOW/Sites/myd3_geo/world_jq/help/index.html
index.html,2015-03-18 03:45:54 +0000,2 KB,/Users/SweetyMEOW/Sites/myd3_geo/world_jq/simple/index.html
index.html,2015-03-18 03:45:54 +0000,7 KB,/Users/SweetyMEOW/Sites/myd3_geo/world_jq/simple/help/index.html
colorMap_PrjTrans.html,2015-03-18 03:45:52 +0000,10 KB,/Users/SweetyMEOW/Sites/myd3_geo/colorMap/colorMap_PrjTrans.html
colorWorldMap.html,2015-03-18 03:45:52 +0000,2 KB,/Users/SweetyMEOW/Sites/myd3_geo/colorMap/colorWorldMap.html
colorWorldMap_RotateOrthographic.html,2015-03-18 03:45:52 +0000,5 KB,/Users/SweetyMEOW/Sites/myd3_geo/colorMap/colorWorldMap_RotateOrthographic.html
colorWorldMap_k7.html,2015-03-18 03:45:52 +0000,2 KB,/Users/SweetyMEOW/Sites/myd3_geo/colorMap/colorWorldMap_k7.html
colorWorldMap_miller.html,2015-03-18 03:45:52 +0000,3 KB,/Users/SweetyMEOW/Sites/myd3_geo/colorMap/colorWorldMap_miller.html
colorWorldMap_pattersonCyl.html,2015-03-18 03:45:52 +0000,4 KB,/Users/SweetyMEOW/Sites/myd3_geo/colorMap/colorWorldMap_pattersonCyl.html
colorWorldMap_pattersonZoom.html,2015-03-18 03:45:52 +0000,5 KB,/Users/SweetyMEOW/Sites/myd3_geo/colorMap/colorWorldMap_pattersonZoom.html
Nils Types Commercial License.html,2015-03-18 03:45:52 +0000,6 KB,/Users/SweetyMEOW/Sites/myd3_geo/fonts/Licenses/Nils Types Commercial License.html
jQueryMap.html,2015-03-18 03:45:52 +0000,2 KB,/Users/SweetyMEOW/Sites/myd3_geo/jQueryMap/jQueryMap.html
newInfoMap.html,2015-03-18 03:45:52 +0000,2 KB,/Users/SweetyMEOW/Sites/myd3_geo/jQueryMap/newInfoMap.html
