File Name,Date Modified,Size,Path
AnimatedWorldZoom_test.html,2015-03-18 18:45:39 +0000,8 KB,/Users/SweetyMEOW/Sites/myd3_geo/mythesis/AnimatedWorldZoom_test.html
BilevelPartition_test.html,2015-03-18 03:45:54 +0000,8 KB,/Users/SweetyMEOW/Sites/myd3_geo/mythesis/BilevelPartition_test.html
DispatchingEvents_data.html,2015-04-17 03:22:30 +0000,9 KB,/Users/SweetyMEOW/Sites/myd3_geo/mythesis/DispatchingEvents_data.html
Faux3DShadedGlobe_FlatColor.html,2015-04-15 14:15:50 +0000,13 KB,/Users/SweetyMEOW/Sites/myd3_geo/mythesis/Faux3DShadedGlobe_FlatColor.html
Faux3DShadedGlobe_Test.html,2015-03-31 18:43:46 +0000,13 KB,/Users/SweetyMEOW/Sites/myd3_geo/mythesis/Faux3DShadedGlobe_Test.html
ForcelayoutII_data.html,2015-03-31 18:43:46 +0000,4 KB,/Users/SweetyMEOW/Sites/myd3_geo/mythesis/ForcelayoutII_data.html
Forcelayout_data.html,2015-03-31 18:43:46 +0000,6 KB,/Users/SweetyMEOW/Sites/myd3_geo/mythesis/Forcelayout_data.html
GlobalRotateZoom_Sample.html,2015-03-31 18:43:46 +0000,16 KB,/Users/SweetyMEOW/Sites/myd3_geo/mythesis/GlobalRotateZoom_Sample.html
HieraEdgeBund_test.html,2015-04-02 02:49:51 +0000,8 KB,/Users/SweetyMEOW/Sites/myd3_geo/mythesis/HieraEdgeBund_test.html
PHONE_ChordDiagram.html,2015-03-18 18:43:40 +0000,2 KB,/Users/SweetyMEOW/Sites/myd3_geo/mythesis/PHONE_ChordDiagram.html
PiePaddingII_test.html,2015-03-18 03:45:54 +0000,5 KB,/Users/SweetyMEOW/Sites/myd3_geo/mythesis/PiePaddingII_test.html
Prim'sAlgorithmV_test.html,2015-03-26 05:24:31 +0000,5 KB,/Users/SweetyMEOW/Sites/myd3_geo/mythesis/Prim'sAlgorithmV_test.html
StackedRadial_3yeardata.html,2015-03-31 18:43:46 +0000,9 KB,/Users/SweetyMEOW/Sites/myd3_geo/mythesis/StackedRadial_3yeardata.html
StackedRadial_3yeardata_blue.html,2015-03-31 18:43:46 +0000,9 KB,/Users/SweetyMEOW/Sites/myd3_geo/mythesis/StackedRadial_3yeardata_blue.html
Streamgraph_data.html,2015-03-18 03:45:54 +0000,7 KB,/Users/SweetyMEOW/Sites/myd3_geo/mythesis/Streamgraph_data.html
Streamgraph_interactive.html,2015-03-19 04:50:42 +0000,11 KB,/Users/SweetyMEOW/Sites/myd3_geo/mythesis/Streamgraph_interactive.html
SunburstPartition_data.html,2015-03-18 03:45:54 +0000,5 KB,/Users/SweetyMEOW/Sites/myd3_geo/mythesis/SunburstPartition_data.html
SunburstPartition_test.html,2015-03-18 03:45:54 +0000,6 KB,/Users/SweetyMEOW/Sites/myd3_geo/mythesis/SunburstPartition_test.html
SunburstPartition_test_title.html,2015-03-18 03:45:54 +0000,10 KB,/Users/SweetyMEOW/Sites/myd3_geo/mythesis/SunburstPartition_test_title.html
SunburstPartition_titleButton.html,2015-03-19 04:50:42 +0000,10 KB,/Users/SweetyMEOW/Sites/myd3_geo/mythesis/SunburstPartition_titleButton.html
cartoDB_dynamicMap.html,2015-04-15 14:08:46 +0000,3 KB,/Users/SweetyMEOW/Sites/myd3_geo/mythesis/cartoDB_dynamicMap.html
colorworldmap_tooltips3.html,2015-04-15 05:37:40 +0000,4 KB,/Users/SweetyMEOW/Sites/myd3_geo/mythesis/colorworldmap_tooltips3.html
datadisplay_color.html,2015-04-01 22:34:09 +0000,5 KB,/Users/SweetyMEOW/Sites/myd3_geo/mythesis/datadisplay_color.html
datadisplay_countryData.html,2015-03-23 01:56:36 +0000,11 KB,/Users/SweetyMEOW/Sites/myd3_geo/mythesis/datadisplay_countryData.html
datadisplay_countryDataAll.html,2015-03-23 01:56:36 +0000,10 KB,/Users/SweetyMEOW/Sites/myd3_geo/mythesis/datadisplay_countryDataAll.html
datadisplay_titleButton.html,2015-03-26 05:24:31 +0000,5 KB,/Users/SweetyMEOW/Sites/myd3_geo/mythesis/datadisplay_titleButton.html
selectableColorWMap_test.html,2015-03-31 18:43:46 +0000,8 KB,/Users/SweetyMEOW/Sites/myd3_geo/mythesis/selectableColorWMap_test.html
